{
  "name": "root",
  "gauges": [
    {
      "name": "ArcherLearning.mean_reward",
      "value": -2.437000020756386,
      "min": -2.4497500213619787,
      "max": 0.408999900566414,
      "count": 14
    }
  ],
  "total": 658.5884157,
  "count": 1,
  "self": 37.63829659999749,
  "children": [
    {
      "name": "TrainerController.advance",
      "total": 620.9501191000026,
      "count": 28501,
      "self": 105.00136190000194,
      "children": [
        {
          "name": "env_step",
          "total": 372.2797351000005,
          "count": 28501,
          "self": 288.69252799999714,
          "children": [
            {
              "name": "SubprocessEnvManager._take_step",
              "total": 82.57455709999695,
              "count": 28501,
              "self": 1.8067690999963304,
              "children": [
                {
                  "name": "PPOPolicy.evaluate",
                  "total": 80.76778800000062,
                  "count": 28501,
                  "self": 80.76778800000062
                }
              ]
            },
            {
              "name": "workers",
              "total": 1.0126500000064098,
              "count": 28500,
              "self": 0.0,
              "children": [
                {
                  "name": "worker_root",
                  "total": 637.0355383000052,
                  "count": 28500,
                  "is_parallel": true,
                  "self": 418.7506293000052,
                  "children": [
                    {
                      "name": "UnityEnvironment.step",
                      "total": 218.28490900000003,
                      "count": 28500,
                      "is_parallel": true,
                      "self": 36.24732409999592,
                      "children": [
                        {
                          "name": "UnityEnvironment._generate_step_input",
                          "total": 5.953892200001862,
                          "count": 28500,
                          "is_parallel": true,
                          "self": 5.953892200001862
                        },
                        {
                          "name": "communicator.exchange",
                          "total": 176.08369270000225,
                          "count": 28500,
                          "is_parallel": true,
                          "self": 176.08369270000225
                        }
                      ]
                    }
                  ]
                }
              ]
            }
          ]
        },
        {
          "name": "update_policy",
          "total": 143.66902210000012,
          "count": 13,
          "self": 76.45043490000077,
          "children": [
            {
              "name": "PPOPolicy.update",
              "total": 67.21858719999935,
              "count": 2080,
              "self": 67.21858719999935
            }
          ]
        }
      ]
    }
  ]
}