{
  "name": "root",
  "gauges": [
    {
      "name": "ArcherLearning.mean_reward",
      "value": 4.2631665940959165,
      "min": -0.6175000260700472,
      "max": 4.2631665940959165,
      "count": 14
    }
  ],
  "total": 667.3090837999999,
  "count": 1,
  "self": 38.059663699998396,
  "children": [
    {
      "name": "TrainerController.advance",
      "total": 629.2494201000015,
      "count": 29001,
      "self": 112.59467300000279,
      "children": [
        {
          "name": "env_step",
          "total": 404.4980061999989,
          "count": 29001,
          "self": 313.6198413999984,
          "children": [
            {
              "name": "SubprocessEnvManager._take_step",
              "total": 89.80496890000187,
              "count": 29001,
              "self": 1.9770739000034467,
              "children": [
                {
                  "name": "PPOPolicy.evaluate",
                  "total": 87.82789499999842,
                  "count": 29001,
                  "self": 87.82789499999842
                }
              ]
            },
            {
              "name": "workers",
              "total": 1.0731958999986269,
              "count": 29000,
              "self": 0.0,
              "children": [
                {
                  "name": "worker_root",
                  "total": 646.8663680999932,
                  "count": 29000,
                  "is_parallel": true,
                  "self": 406.7970787999909,
                  "children": [
                    {
                      "name": "UnityEnvironment.step",
                      "total": 240.06928930000234,
                      "count": 29000,
                      "is_parallel": true,
                      "self": 36.519692599997,
                      "children": [
                        {
                          "name": "UnityEnvironment._generate_step_input",
                          "total": 5.982836199999184,
                          "count": 29000,
                          "is_parallel": true,
                          "self": 5.982836199999184
                        },
                        {
                          "name": "communicator.exchange",
                          "total": 197.56676050000615,
                          "count": 29000,
                          "is_parallel": true,
                          "self": 197.56676050000615
                        }
                      ]
                    }
                  ]
                }
              ]
            }
          ]
        },
        {
          "name": "update_policy",
          "total": 112.15674089999982,
          "count": 13,
          "self": 44.302957500000545,
          "children": [
            {
              "name": "PPOPolicy.update",
              "total": 67.85378339999927,
              "count": 2080,
              "self": 67.85378339999927
            }
          ]
        }
      ]
    }
  ]
}