{
  "name": "root",
  "gauges": [
    {
      "name": "ArcherLearning.mean_reward",
      "value": 0.7477999944705516,
      "min": -0.6000000252388418,
      "max": 1.2118333303757634,
      "count": 52
    }
  ],
  "total": 470.4754478,
  "count": 1,
  "self": 23.13012010000199,
  "children": [
    {
      "name": "TrainerController.advance",
      "total": 447.345327699998,
      "count": 52291,
      "self": 83.38146190000168,
      "children": [
        {
          "name": "env_step",
          "total": 274.34020829999633,
          "count": 52291,
          "self": 202.14201469999202,
          "children": [
            {
              "name": "SubprocessEnvManager._take_step",
              "total": 71.43926970000302,
              "count": 52291,
              "self": 1.416986899999614,
              "children": [
                {
                  "name": "PPOPolicy.evaluate",
                  "total": 70.02228280000341,
                  "count": 52291,
                  "self": 70.02228280000341
                }
              ]
            },
            {
              "name": "workers",
              "total": 0.7589239000012871,
              "count": 52290,
              "self": 0.0,
              "children": [
                {
                  "name": "worker_root",
                  "total": 459.2379083000004,
                  "count": 52290,
                  "is_parallel": true,
                  "self": 307.86216320000744,
                  "children": [
                    {
                      "name": "UnityEnvironment.step",
                      "total": 151.37574509999297,
                      "count": 52290,
                      "is_parallel": true,
                      "self": 26.643423499998335,
                      "children": [
                        {
                          "name": "UnityEnvironment._generate_step_input",
                          "total": 3.9852815999982667,
                          "count": 52290,
                          "is_parallel": true,
                          "self": 3.9852815999982667
                        },
                        {
                          "name": "communicator.exchange",
                          "total": 120.74703999999636,
                          "count": 52290,
                          "is_parallel": true,
                          "self": 120.74703999999636
                        }
                      ]
                    }
                  ]
                }
              ]
            }
          ]
        },
        {
          "name": "update_policy",
          "total": 89.6236575,
          "count": 24,
          "self": 31.092328199999827,
          "children": [
            {
              "name": "PPOPolicy.update",
              "total": 58.531329300000166,
              "count": 3840,
              "self": 58.531329300000166
            }
          ]
        }
      ]
    }
  ]
}